Dataset,Genotype,FE,GPI,LmPI,API,PPI,FPI,RPI
E2_C18,Clemson_201,40.5,0.22,0.3,0,0.18,0.06,0.23
E2_C18,GA07169-15E3,20.76,0.26,0.22,0.19,0.11,0.04,0.25
E2_C18,LA04041D-10,48.46,0.21,0.25,0.23,0.14,0.03,0.17
E2_C18,GA07323-15E2,35.76,0.2,0.24,0.23,0.12,0.03,0.15
E2_C18,GA08510-15E9,24.06,0.22,0.24,0.19,0.12,0.03,0.19
E2_C18,AGS_CL7,31.5,0.21,0.25,0.22,0.12,0.04,0.14
E2_C18,GA071598-15LE12,37.73,0.21,0.25,0.2,0.13,0.04,0.17
E2_C18,GA081183-15LE31,45.74,0.26,0.27,0.14,0.11,0.04,0.2
E2_C18,AR07124-1-4,40.66,0.24,0.22,0.22,0.12,0.03,0.15
E2_C18,GA081293-15LE2,36.71,0.2,0.25,0.19,0.12,0.04,0.18
E2_C19,Clemson_201,35.88,0.27,0.254,0.249,0.11,0.03,0.2
E2_C19,GA07169-15E3,44.5,0.24,0.25,0.24,0.13,0.04,0.21
E2_C19,LA04041D-10,50.96,0.18,0.24,0.22,0.14,0.04,0.14
E2_C19,GA07323-15E2,38.62,0.17,0.27,0.28,0.13,0.028,0.15
E2_C19,GA08510-15E9,52.8,0.19,0.26,0.22,0.14,0.02,0.17
E2_C19,AGS_CL7,43.19,0.19,0.26,0.23,0.12,0.03,0.15
E2_C19,GA071598-15LE12,52.32,0.17,0.23,0.26,0.12,0.03,0.17
E2_C19,GA081183-15LE31,47.94,0.21,0.26,0.19,0.12,0.03,0.18
E2_C19,AR07124-1-4,45.47,0.22,0.21,0.25,0.12,0.02,0.16
E2_C19,GA081293-15LE2,50.97,0.21,0.24,0.23,0.12,0.02,0.18
E2_Combined,Clemson_201,44.82,0.19,0.24,0.24,0.13,0.04,0.16
E2_Combined,GA07169-15E3,46.4,0.24,0.26,0.17,0.12,0.04,0.18
E2_Combined,LA04041D-10,39.88,0.23,0.22,0.23,0.12,0.03,0.16
E2_Combined,GA07323-15E2,45.71,0.21,0.24,0.21,0.13,0.03,0.17
E2_Combined,GA08510-15E9,45.33,0.21,0.24,0.24,0.13,0.03,0.15
E2_Combined,AGS_CL7,39.85,0.27,0.3,0.25,0.16,0.04,0.19
E2_Combined,GA071598-15LE12,35.86,0.19,0.25,0.26,0.13,0.03,0.15
E2_Combined,GA081183-15LE31,41.09,0.22,0.25,0.21,0.13,0.03,0.17
E2_Combined,AR07124-1-4,40.34,0.2,0.25,0.23,0.13,0.03,0.15
E2_Combined,GA081293-15LE2,29.57,0.27,0.23,0.25,0.11,0.04,0.21
E2_Q18,Clemson_201,77.06,0.2,0.3,0,0.13,0.03,0.14
E2_Q18,GA07169-15E3,48.85,0.22,0.24,0.19,0.11,0.04,0.2
E2_Q18,LA04041D-10,55.36,0.2,0.24,0.3,0.1,0.01,0.15
E2_Q18,GA07323-15E2,41.45,0.2,0.24,0.26,0.13,0.04,0.14
E2_Q18,GA08510-15E9,53.55,0.22,0.24,0.24,0.13,0.03,0.15
E2_Q18,AGS_CL7,40.94,0.25,0.24,0.21,0.14,0.04,0.12
E2_Q18,GA071598-15LE12,34.54,0.24,0.23,0.22,0.13,0.05,0.13
E2_Q18,GA081183-15LE31,29.39,0.3,0.24,0.14,0.13,0.05,0.21
E2_Q18,AR07124-1-4,34.05,0.26,0.22,0.22,0.12,0.04,0.14
E2_Q18,GA081293-15LE2,39.39,0.26,0.23,0.19,0.13,0.04,0.14
