Data,Genotype,FE,TGW
C18,AGS_2000_JJ,65.08,24.59
C18,AGS_2020,68.02,31.52
C18,AGS_2026,NA,NA
C18,AGS_2060,43.18,27.4
C18,AGS_2485,38,30.42
C18,AGS_CL7,42.82,36.88
C18,AGS2000,41.44,33.44
C18,AGS2038,46.16,30.98
C18,AGS2060,NA,NA
C18,AR00343-5-1,56.67,24.32
C18,AR01040-4-1,NA,NA
C18,AR01156-2-1,45.72,20
C18,AR01163-3-1,49.13,20.39
C18,AR04016-4,53.55,29.18
C18,AR04119-3,NA,NA
C18,AR06017-6-2,17.77,30.52
C18,AR06024-7-2,39.86,33.55
C18,AR06050-7-2,51.91,22.27
C18,AR07047-13-2,38.37,25.56
C18,AR07076-20-1,36.35,37.46
C18,AR07090-1-4,NA,NA
C18,AR07114-3-4,28.93,39.85
C18,AR07117-12-1,37.5,41.85
C18,AR07119-1-4,43.18,33.54
C18,AR07124-1-4,80.7,34.44
C18,AR910,48.6,35.79
C18,AR99015-3-3,46.75,38.97
C18,ARGA061147-23-6-2,NA,NA
C18,ARLA05104F-18-1,23.27,30.14
C18,ARLA07058C-4-4,50.86,33.53
C18,ARLA07080C-3-4,54.73,28.26
C18,ARLA07084C-10-1,25.45,38.91
C18,ARS05-0241,46.96,28.86
C18,ARS05-0401,NA,NA
C18,ARS07-0404,43.18,23.32
C18,ARS07-0912,25.78,37.12
C18,ARS09-776,NA,NA
C18,Baldwin,52.23,34.12
C18,Coker_65-20,NA,NA
C18,Coker_762,32.94,26.71
C18,Coker_797_JJ,68.73,28.31
C18,Coker_9553,43.56,31.15
C18,Coker_9663_Syn,43.18,30.12
C18,Coker_9766,68.22,31.53
C18,Coker_9803_CG,22.54,32.29
C18,Coker_9835_PM,33.93,34.84
C18,Delta_King_GR9108,43.18,35.02
C18,FG95195,36.86,41.57
C18,FL_302_JJ,35.47,40.3
C18,FL01108C-K2,NA,NA
C18,FL02006C-K1,55.79,37.02
C18,FL02036C-K6,NA,NA
C18,FL14P359-LA09161C-7,50.15,29.74
C18,FL14P364-LA09198C-32,43.11,27.08
C18,FL14P368-LA09128UC-41,43.18,NA
C18,FL14P375-LW08089D-P2,47.31,33.12
C18,GA-00034-7A17,NA,NA
C18,GA00067-8E35,68.44,27.3
C18,GA001138-8E36,53.01,33.52
C18,GA001138-8E37,54.67,32.81
C18,GA001142-9E23,47.49,32.11
C18,GA001142-9E24,37.51,35.48
C18,GA001169-7E15,NA,NA
C18,GA01063-1-3-6-2-G2,31.78,25.06
C18,GA011493-8E18,48.71,30.5
C18,GA021245-9E16,27.46,37.61
C18,GA021338-9E4,45.05,37.19
C18,GA021338-9EE11,44.66,34.45
C18,GA02328-8A21,35.82,36.27
C18,GA03060-9E29,43.18,30.06
C18,GA03564-9EE42,54.88,29.31
C18,GA04434-12LE28,NA,NA
C18,GA051207-14E53(13ESc11),60.15,26.37
C18,GA051336-B-B-1,56.49,27.15
C18,GA05450-15LE41,NA,NA
C18,GA061082-13E24,40.73,34.65
C18,GA061157-15LE39,57.4,25.17
C18,GA061471-15LE38,42.85,36.66
C18,GA06283-15LE25,43.18,33.53
C18,GA06493-13LE6,NA,NA
C18,GA07026-14LE4,NA,NA
C18,GA071227-15LE7,NA,NA
C18,GA071598-15LE12,43.18,NA
C18,GA071630-12LE9,NA,NA
C18,GA07169-15E3,45.13,34.17
C18,GA07270-12E15,42.56,40.44
C18,GA07323-15E2,37.98,30.45
C18,GA08028-15LE11,61.06,23.7
C18,GA081018-15LE13,37.5,40.6
C18,GA081018-15LE14,30.96,41.11
C18,GA081174-15E34,36.76,31.48
C18,GA081183-15LE31,23.09,32.92
C18,GA081222-15E39,NA,NA
C18,GA081293-15LE2,93.31,21.41
C18,GA081515-G1-G2,35.33,32.3
C18,GA08250-15LE46,45.64,30.14
C18,GA08510-15E9,47.96,27.01
C18,GA09283-G1-G1,54.16,37.94
C18,GA10041-15E59,43.18,25.22
C18,GA222-22-5,41.67,29.23
C18,GA991227-6A33,55.89,29.01
C18,GA991371-6E12,55.64,32.82
C18,Gore_JJ,20.14,30.22
C18,Hilliard,43.18,NA
C18,Hunter,61.01,26.83
C18,IL00-8641,35.71,35.88
C18,IL05-4236,NA,NA
C18,IL96-6472,NA,NA
C18,INW0304,NA,NA
C18,Jamestown,36.48,23.95
C18,Jamestown_PM,55.98,23.2
C18,Jaypee_CS,NA,NA
C18,Keiser,46.84,26.46
C18,KY02C-1121-11,43.93,28.69
C18,LA0110D-150,32.9,40.3
C18,LA01110D-100-6-4,14.47,31.58
C18,LA01110D-81-1-B,30.92,30.77
C18,LA01139D-86-6-2,25.94,29.92
C18,LA02015E201,51.55,29.35
C18,LA02015E42,40.87,28.61
C18,LA02015E58,65.34,26.14
C18,LA02024E12,53.34,32.32
C18,LA02024E7,36.48,43.09
C18,LA03012E-27,26.35,38.69
C18,LA03118E117,43.18,28.08
C18,LA03136E71,40.18,31.52
C18,LA03148E12,34.19,44.73
C18,LA03155D-P13,24.73,32.11
C18,LA03161D-P1,45.44,29.3
C18,LA03200E-2,NA,NA
C18,LA03200E-23,43.29,37.76
C18,LA03217D-P2,26.99,31.61
C18,LA03217E2,43.18,40.31
C18,LA03224E-39,NA,NA
C18,LA04013D-142,NA,NA
C18,LA04041D-10,41.32,31.04
C18,LA06146E-P4,33.28,33.44
C18,LA06146E-P7,26.06,34.1
C18,LA07040D-P01,54.77,36.3
C18,LA07128C-91,43.75,32.01
C18,LA08041D-42,48.52,34.76
C18,LA08062C-P5,45.54,31.96
C18,LA08090C-9-2,26.68,42.41
C18,LA08095C-23,46.68,32.63
C18,LA08095D-4,54.22,31.97
C18,LA08265C-50,29.26,33.43
C18,LA09011UB-2,31.58,29.23
C18,LA09013UB-3,40.92,31.36
C18,LA09050C-P4,36.17,33.53
C18,LA09122UB-43,27.18,32.12
C18,LA09224C-28,71.3,20.42
C18,LA09264C-P2,27.63,38.6
C18,LA754,43.18,NA
C18,LA821,38.98,32.8
C18,LA841,37.54,30.66
C18,LA97113UC-124,43.18,33.92
C18,Madison_CS,43.18,28.3
C18,MAGNOLIA,NA,NA
C18,Massey_CG,NA,NA
C18,McNair_701,NA,NA
C18,MD00W16-07-3,32.81,26.61
C18,MD99W64-05-11,27.22,37.18
C18,NC06BGTAG12,33.69,26.75
C18,NC07-24445,NA,NA
C18,NC08-23089,23.46,34.95
C18,NC08-23090,NA,NA
C18,NC08-23323,38.55,30.25
C18,NC08-23324,37.07,27.48
C18,NC08-23383,47.13,25.06
C18,NC10080-122,44.34,31.48
C18,NC10080-134CL,67.07,29.97
C18,NC10080-139CL,NA,NA
C18,NC11-21899,47.66,26.88
C18,NC11-22289,35.33,33.65
C18,NC11-23321,54.47,28.85
C18,NC11-5-16-21,43.18,25.54
C18,NC12-20850,NA,NA
C18,NC12-21224,43.18,21.28
C18,NC12-22844,38.4,18.38
C18,NC12-23576,NA,NA
C18,NC13-20076,42.74,26.05
C18,NC13-20218,53.35,17.65
C18,NC13-20631,NA,NA
C18,NC13-20722,NA,NA
C18,NC13-20773,47.57,32.28
C18,NC13-21321,52.78,26.05
C18,NC13-21338,38.3,36.63
C18,NC13-22726,NA,NA
C18,NC97BGTAB9,NA,NA
C18,Oglethorpe,43.18,25.11
C18,Pioneer_2580_CG,NA,NA
C18,Pioneer_2684_CG,37.25,30.14
C18,Pioneer_26R24_CG,NA,NA
C18,Pioneer_26R31_CG,NA,NA
C18,Pioneer_26R46_CG,NA,NA
C18,Pioneer_26R61_JJ,43.18,40.37
C18,Rosen,41.28,28.22
C18,SCAR99175B1,31.73,38.38
C18,SCLA1102G1,36.05,30.15
C18,SCLA1110R1,NA,NA
C18,SCLA99049D-E1-J1,NA,NA
C18,SCTX98-20-J10,57.19,35
C18,SCW010025G1,31.89,34.23
C18,SCW010025K1,55.75,34.95
C18,SCW990013A1,32.61,34.11
C18,Severn,NA,NA
C18,SH555,27.07,31.93
C18,SS8641,45.86,28.52
C18,SS8641_JJ,NA,NA
C18,Tribute_CG,48.09,22.27
C18,TX12D4625,54.02,28.76
C18,TX12D4700,NA,NA
C18,TX12D4768,33.59,34.56
C18,TX12D4845,NA,NA
C18,TX13D5129,43.18,35.99
C18,TX13D5137,36.92,36.45
C18,TX13D5237,NA,NA
C18,TX13D5252,NA,NA
C18,TX14D8086,NA,NA
C18,TX14D8234,46.09,22.87
C18,TX14D8301,41.8,34.55
C18,TX14D8504,44.68,33.44
C18,USG_3120,43.18,33.44
C18,USG_3209_PM,NA,NA
C18,USG_3555_JJ,NA,NA
C18,USG3120,46.87,26.23
C18,VA_90,NA,NA
C18,VA00W-38,43.18,31.49
C18,VA01W713,57.79,37.86
C18,VA05W-151,50.02,22.77
C18,VA07MAS4-7417-1-3-3,46.28,30.29
C18,VA12W-72,28.56,40.78
C18,VA12W-97,42.25,32.53
C18,VA13W-124,NA,NA
C18,VA13W-177,NA,NA
C18,Wakeland_CG,NA,NA
Combined,AGS_2000_JJ,39.59,45.47
Combined,AGS_2020,37.57,52.95
Combined,AGS_2026,31.78,50.1
Combined,AGS_2060,31.62,42.25
Combined,AGS_2485,31.59,38.39
Combined,AGS_CL7,40.32,40.48
Combined,AGS2000,37.59,38.82
Combined,AGS2038,39.43,33.69
Combined,AGS2060,33.65,41.75
Combined,AR00343-5-1,33.5,43.72
Combined,AR01040-4-1,32.04,55.46
Combined,AR01156-2-1,26.87,47.72
Combined,AR01163-3-1,38.75,42.49
Combined,AR04016-4,42.99,34.68
Combined,AR04119-3,37.23,51.83
Combined,AR06017-6-2,35.8,37.08
Combined,AR06024-7-2,31.98,49.61
Combined,AR06050-7-2,32.3,41.36
Combined,AR07047-13-2,35.56,40.49
Combined,AR07076-20-1,33.31,44.11
Combined,AR07090-1-4,32.55,48.11
Combined,AR07114-3-4,37.66,36.5
Combined,AR07117-12-1,36.17,46.63
Combined,AR07119-1-4,31.87,118.15
Combined,AR07124-1-4,28.48,62.13
Combined,AR910,36.31,43.8
Combined,AR99015-3-3,38.36,44.96
Combined,ARGA061147-23-6-2,43.03,23.47
Combined,ARLA05104F-18-1,35.68,37.81
Combined,ARLA07058C-4-4,34.3,46.36
Combined,ARLA07080C-3-4,33.84,53.91
Combined,ARLA07084C-10-1,35.38,36.77
Combined,ARS05-0241,35.06,41.68
Combined,ARS05-0401,40.37,29.41
Combined,ARS07-0404,28.92,35.22
Combined,ARS07-0912,30.59,28.26
Combined,ARS09-776,39.06,30.63
Combined,Baldwin,40.06,44.11
Combined,Coker_65-20,38.86,40.73
Combined,Coker_762,27.37,55.05
Combined,Coker_797_JJ,32.66,60.54
Combined,Coker_9553,36.41,32.62
Combined,Coker_9663_Syn,36.19,26.23
Combined,Coker_9766,34.33,44.64
Combined,Coker_9803_CG,33.97,37.04
Combined,Coker_9835_PM,31.51,42.01
Combined,Delta_King_GR9108,33.71,31.98
Combined,FG95195,42.15,40.12
Combined,FL_302_JJ,40.49,31.68
Combined,FL01108C-K2,43.66,52.1
Combined,FL02006C-K1,41.43,39.2
Combined,FL02036C-K6,38.38,64.81
Combined,FL14P359-LA09161C-7,29.8,45.23
Combined,FL14P364-LA09198C-32,35.74,35.45
Combined,FL14P368-LA09128UC-41,38.43,24.79
Combined,FL14P375-LW08089D-P2,38,41.1
Combined,GA-00034-7A17,34.84,47.68
Combined,GA00067-8E35,28.48,50.79
Combined,GA001138-8E36,36.49,40.75
Combined,GA001138-8E37,36.8,37.38
Combined,GA001142-9E23,30.79,40.69
Combined,GA001142-9E24,42.6,39.13
Combined,GA001169-7E15,32.38,93.44
Combined,GA01063-1-3-6-2-G2,31.29,38.32
Combined,GA011493-8E18,43.61,41.28
Combined,GA021245-9E16,40.86,29.14
Combined,GA021338-9E4,38.33,42.3
Combined,GA021338-9EE11,35.71,36.02
Combined,GA02328-8A21,38.9,35.96
Combined,GA03060-9E29,96.76,27.11
Combined,GA03564-9EE42,33.44,44.25
Combined,GA04434-12LE28,38.75,57.48
Combined,GA051207-14E53(13ESc11),36.27,51.15
Combined,GA051336-B-B-1,31.04,58.4
Combined,GA05450-15LE41,35.15,39.05
Combined,GA061082-13E24,35.67,41.7
Combined,GA061157-15LE39,33.5,42.43
Combined,GA061471-15LE38,36.52,42.24
Combined,GA06283-15LE25,35.84,36.31
Combined,GA06493-13LE6,37.3,26.66
Combined,GA07026-14LE4,36.41,34.72
Combined,GA071227-15LE7,39.23,42.96
Combined,GA071598-15LE12,37.23,49.68
Combined,GA071630-12LE9,40.82,60.61
Combined,GA07169-15E3,45.71,46.46
Combined,GA07270-12E15,40.68,32.48
Combined,GA07323-15E2,36.97,41.07
Combined,GA08028-15LE11,32.49,42.73
Combined,GA081018-15LE13,44.47,36.6
Combined,GA081018-15LE14,39.61,42.38
Combined,GA081174-15E34,33.41,43.77
Combined,GA081183-15LE31,35.8,36.06
Combined,GA081222-15E39,34.75,48.72
Combined,GA081293-15LE2,36.45,53.02
Combined,GA081515-G1-G2,33.19,54.46
Combined,GA08250-15LE46,32.05,48.48
Combined,GA08510-15E9,31.41,49.11
Combined,GA09283-G1-G1,38.86,45.84
Combined,GA10041-15E59,36.72,42.21
Combined,GA222-22-5,29.07,38.48
Combined,GA991227-6A33,35.92,42.27
Combined,GA991371-6E12,36.64,43.98
Combined,Gore_JJ,34.35,45.5
Combined,Hilliard,33.62,40.66
Combined,Hunter,31.45,42.04
Combined,IL00-8641,32.64,47.72
Combined,IL05-4236,34.09,42.32
Combined,IL96-6472,26.42,NA
Combined,INW0304,36.82,41.01
Combined,Jamestown,32.25,45.37
Combined,Jamestown_PM,30.54,43.11
Combined,Jaypee_CS,28.57,23.13
Combined,Keiser,31.04,46.9
Combined,KY02C-1121-11,36.36,47.19
Combined,LA0110D-150,43.81,34.27
Combined,LA01110D-100-6-4,37.01,27.58
Combined,LA01110D-81-1-B,33.04,44.26
Combined,LA01139D-86-6-2,36.54,33.67
Combined,LA02015E201,33.23,39.22
Combined,LA02015E42,34.98,38.23
Combined,LA02015E58,30.63,44.3
Combined,LA02024E12,32.79,58.45
Combined,LA02024E7,36.43,62.66
Combined,LA03012E-27,40.04,28.83
Combined,LA03118E117,30.5,103.74
Combined,LA03136E71,35.34,42.5
Combined,LA03148E12,34.07,41.44
Combined,LA03155D-P13,32.24,34.93
Combined,LA03161D-P1,30.7,65.51
Combined,LA03200E-2,36.22,41.72
Combined,LA03200E-23,35.45,32.31
Combined,LA03217D-P2,33.65,50.63
Combined,LA03217E2,36.99,69.62
Combined,LA03224E-39,42.21,34.55
Combined,LA04013D-142,35.76,49.07
Combined,LA04041D-10,34.89,220.31
Combined,LA06146E-P4,36.33,33.11
Combined,LA06146E-P7,35.16,42.55
Combined,LA07040D-P01,37.97,47.2
Combined,LA07128C-91,35.28,47.54
Combined,LA08041D-42,34.85,31.27
Combined,LA08062C-P5,35.4,44.33
Combined,LA08090C-9-2,36.93,47.07
Combined,LA08095C-23,34.68,37.82
Combined,LA08095D-4,35.7,51.25
Combined,LA08265C-50,33.61,34.11
Combined,LA09011UB-2,34.94,42.93
Combined,LA09013UB-3,35.14,44.84
Combined,LA09050C-P4,34.03,35.29
Combined,LA09122UB-43,40.2,44.71
Combined,LA09224C-28,30.81,48.84
Combined,LA09264C-P2,40.4,30.57
Combined,LA754,45.84,24.83
Combined,LA821,36.46,38.31
Combined,LA841,34.32,40.94
Combined,LA97113UC-124,40.82,37.74
Combined,Madison_CS,31.87,46.25
Combined,MAGNOLIA,37.16,30.96
Combined,Massey_CG,26.43,28.03
Combined,McNair_701,32.89,27.85
Combined,MD00W16-07-3,34.61,37.81
Combined,MD99W64-05-11,37.94,31.77
Combined,NC06BGTAG12,32.18,35.25
Combined,NC07-24445,34.92,8.93
Combined,NC08-23089,33.14,44.67
Combined,NC08-23090,35.85,35.99
Combined,NC08-23323,35.16,41.67
Combined,NC08-23324,35.34,39.38
Combined,NC08-23383,33.73,40.2
Combined,NC10080-122,33.56,37.89
Combined,NC10080-134CL,31.2,61.87
Combined,NC10080-139CL,29.67,37.27
Combined,NC11-21899,36.34,43.17
Combined,NC11-22289,38.28,26.62
Combined,NC11-23321,35.89,47.42
Combined,NC11-5-16-21,35.2,43.17
Combined,NC12-20850,35.88,25.12
Combined,NC12-21224,35.13,33.23
Combined,NC12-22844,33.53,37.87
Combined,NC12-23576,37.54,37.99
Combined,NC13-20076,31.12,39.76
Combined,NC13-20218,31.75,43
Combined,NC13-20631,32.52,39.05
Combined,NC13-20722,29.1,47.03
Combined,NC13-20773,31.32,52.98
Combined,NC13-21321,28.1,46.13
Combined,NC13-21338,40.85,93.95
Combined,NC13-22726,37.64,15.18
Combined,NC97BGTAB9,29.42,26.06
Combined,Oglethorpe,35.34,29.23
Combined,Pioneer_2580_CG,30.36,21.2
Combined,Pioneer_2684_CG,37.1,37.25
Combined,Pioneer_26R24_CG,31.23,28.88
Combined,Pioneer_26R31_CG,32.18,40.16
Combined,Pioneer_26R46_CG,35.78,43.09
Combined,Pioneer_26R61_JJ,43.22,49.51
Combined,Rosen,34.62,51.61
Combined,SCAR99175B1,40.29,42.58
Combined,SCLA1102G1,36.44,37.53
Combined,SCLA1110R1,35.05,39.35
Combined,SCLA99049D-E1-J1,33.2,53.51
Combined,SCTX98-20-J10,37.05,52.35
Combined,SCW010025G1,35.51,38.51
Combined,SCW010025K1,37.87,49.63
Combined,SCW990013A1,37.56,34.13
Combined,Severn,33.27,42.9
Combined,SH555,32.84,51.96
Combined,SS8641,35.14,39.72
Combined,SS8641_JJ,36,37.65
Combined,Tribute_CG,34.6,41.23
Combined,TX12D4625,37.29,43.44
Combined,TX12D4700,42.36,45.21
Combined,TX12D4768,37.85,36.4
Combined,TX12D4845,34.26,71.14
Combined,TX13D5129,35.39,42.48
Combined,TX13D5137,36.96,30.48
Combined,TX13D5237,33.24,21.36
Combined,TX13D5252,32.81,38.14
Combined,TX14D8086,37.11,42.01
Combined,TX14D8234,31.87,38.2
Combined,TX14D8301,36.91,42.51
Combined,TX14D8504,35.89,27.84
Combined,USG_3120,37.8,42.54
Combined,USG_3209_PM,40.21,58.89
Combined,USG_3555_JJ,39.79,28.34
Combined,USG3120,34.94,37.13
Combined,VA_90,32.04,35.49
Combined,VA00W-38,34.9,57.45
Combined,VA01W713,35.32,51.1
Combined,VA05W-151,31.83,48.3
Combined,VA07MAS4-7417-1-3-3,37.76,43.92
Combined,VA12W-72,37.18,41.05
Combined,VA12W-97,33.39,42.12
Combined,VA13W-124,29.61,41.97
Combined,VA13W-177,31.8,39.9
Combined,Wakeland_CG,28.17,46.78
Q17,AGS_2000_JJ,51.5613,42.96
Q17,AGS_2020,37.2939,46.92
Q17,AGS_2026,54.4638,29.19
Q17,AGS_2060,48.6846,37.29
Q17,AGS_2485,45.0726,35.74
Q17,AGS_CL7,49.2651,45.35
Q17,AGS2000,41.1768,43.62
Q17,AGS2038,40.0416,43.15
Q17,AGS2060,34.1463,38.37
Q17,AR00343-5-1,27.3609,41.9
Q17,AR01040-4-1,35.8878,33.8
Q17,AR01156-2-1,53.4834,33.01
Q17,AR01163-3-1,48.4911,33.8
Q17,AR04016-4,21.543,61.41
Q17,AR04119-3,56.3472,37.45
Q17,AR06017-6-2,49.8714,42.11
Q17,AR06024-7-2,37.3713,33.85
Q17,AR06050-7-2,58.2177,32.63
Q17,AR07047-13-2,48.5298,37.68
Q17,AR07076-20-1,45.2016,35.11
Q17,AR07090-1-4,59.4948,37.91
Q17,AR07114-3-4,40.2738,42.43
Q17,AR07117-12-1,47.8719,40.2
Q17,AR07119-1-4,NA,NA
Q17,AR07124-1-4,74.0718,32.89
Q17,AR910,46.8528,40.58
Q17,AR99015-3-3,30.2505,43.48
Q17,ARGA061147-23-6-2,NA,40.28
Q17,ARLA05104F-18-1,34.7784,38.88
Q17,ARLA07058C-4-4,46.7883,36.27
Q17,ARLA07080C-3-4,33.5916,34.09
Q17,ARLA07084C-10-1,NA,NA
Q17,ARS05-0241,31.8888,45.84
Q17,ARS05-0401,33.8238,46.32
Q17,ARS07-0404,33.8367,32.3
Q17,ARS07-0912,40.0029,31.5
Q17,ARS09-776,29.6184,43.48
Q17,Baldwin,28.4703,44.56
Q17,Coker_65-20,34.6752,45.92
Q17,Coker_762,NA,NA
Q17,Coker_797_JJ,55.728,47.58
Q17,Coker_9553,41.8734,41.19
Q17,Coker_9663_Syn,30.057,41.57
Q17,Coker_9766,38.4291,42.32
Q17,Coker_9803_CG,NA,NA
Q17,Coker_9835_PM,42.5313,33.8
Q17,Delta_King_GR9108,30.9213,42.26
Q17,FG95195,34.4817,50.55
Q17,FL_302_JJ,39.8352,42.51
Q17,FL01108C-K2,57.7275,47.48
Q17,FL02006C-K1,20.898,53.3
Q17,FL02036C-K6,43.2021,45.21
Q17,FL14P359-LA09161C-7,71.8272,24.21
Q17,FL14P364-LA09198C-32,35.6556,37.4
Q17,FL14P368-LA09128UC-41,30.8052,39.94
Q17,FL14P375-LW08089D-P2,36.4167,42.01
Q17,GA-00034-7A17,42.1056,38.15
Q17,GA00067-8E35,53.5608,32.16
Q17,GA001138-8E36,36.0813,37.02
Q17,GA001138-8E37,42.1314,40.85
Q17,GA001142-9E23,39.345,34.24
Q17,GA001142-9E24,38.4033,52.46
Q17,GA001169-7E15,NA,NA
Q17,GA01063-1-3-6-2-G2,33.8367,37.89
Q17,GA011493-8E18,51.2904,33.56
Q17,GA021245-9E16,58.3209,44.11
Q17,GA021338-9E4,55.4571,42.07
Q17,GA021338-9EE11,52.503,39.96
Q17,GA02328-8A21,51.471,44.48
Q17,GA03060-9E29,38.9064,41.68
Q17,GA03564-9EE42,35.6298,45.06
Q17,GA04434-12LE28,45.0726,44.63
Q17,GA051207-14E53(13ESc11),NA,40.07
Q17,GA051336-B-B-1,NA,27.7
Q17,GA05450-15LE41,40.2093,32.56
Q17,GA061082-13E24,40.2351,42.9
Q17,GA061157-15LE39,NA,NA
Q17,GA061471-15LE38,54.4251,42.04
Q17,GA06283-15LE25,34.0173,37.29
Q17,GA06493-13LE6,33.5916,36.47
Q17,GA07026-14LE4,58.953,36.96
Q17,GA071227-15LE7,35.3847,37.67
Q17,GA071598-15LE12,51.7935,43.35
Q17,GA071630-12LE9,57.4179,43.23
Q17,GA07169-15E3,NA,49.26
Q17,GA07270-12E15,43.8729,47.26
Q17,GA07323-15E2,52.9674,46.5
Q17,GA08028-15LE11,45.9111,41.62
Q17,GA081018-15LE13,38.7129,51.44
Q17,GA081018-15LE14,59.0046,47.81
Q17,GA081174-15E34,42.8538,37.38
Q17,GA081183-15LE31,29.0508,37.84
Q17,GA081222-15E39,50.6196,38.16
Q17,GA081293-15LE2,49.7166,42.75
Q17,GA081515-G1-G2,NA,NA
Q17,GA08250-15LE46,75.5424,28.85
Q17,GA08510-15E9,84.3144,37.83
Q17,GA09283-G1-G1,NA,NA
Q17,GA10041-15E59,38.7903,45.13
Q17,GA222-22-5,46.5561,29.95
Q17,GA991227-6A33,52.3482,41.13
Q17,GA991371-6E12,36.2877,42.93
Q17,Gore_JJ,40.893,35.57
Q17,Hilliard,44.2083,34.67
Q17,Hunter,38.7774,34.57
Q17,IL00-8641,58.0887,28.09
Q17,IL05-4236,62.8488,43.43
Q17,IL96-6472,NA,35.36
Q17,INW0304,42.7377,32.34
Q17,Jamestown,33.7077,33.46
Q17,Jamestown_PM,35.3202,33.58
Q17,Jaypee_CS,31.2954,34.56
Q17,Keiser,68.6667,36.98
Q17,KY02C-1121-11,31.476,37.76
Q17,LA0110D-150,29.2959,47.87
Q17,LA01110D-100-6-4,NA,NA
Q17,LA01110D-81-1-B,33.8238,35.6
Q17,LA01139D-86-6-2,47.0721,37.79
Q17,LA02015E201,58.05,38.61
Q17,LA02015E42,26.1741,39.03
Q17,LA02015E58,53.9736,29.85
Q17,LA02024E12,62.6037,37.06
Q17,LA02024E7,41.5509,34.72
Q17,LA03012E-27,41.4864,47.11
Q17,LA03118E117,56.6052,33.45
Q17,LA03136E71,67.5186,33.85
Q17,LA03148E12,53.4705,28.27
Q17,LA03155D-P13,41.9379,37.38
Q17,LA03161D-P1,33.5529,39.03
Q17,LA03200E-2,NA,46.28
Q17,LA03200E-23,18.6147,47.14
Q17,LA03217D-P2,NA,NA
Q17,LA03217E2,39.0741,39.97
Q17,LA03224E-39,35.5524,42.77
Q17,LA04013D-142,32.1339,38.93
Q17,LA04041D-10,36.5586,39.32
Q17,LA06146E-P4,33.9528,40.37
Q17,LA06146E-P7,41.9637,39.42
Q17,LA07040D-P01,54.1284,41.53
Q17,LA07128C-91,NA,38.63
Q17,LA08041D-42,44.9952,38.19
Q17,LA08062C-P5,45.9498,40.46
Q17,LA08090C-9-2,47.4978,36.99
Q17,LA08095C-23,35.2299,42.64
Q17,LA08095D-4,37.4874,41.53
Q17,LA08265C-50,33.0885,40.32
Q17,LA09011UB-2,52.1289,37.02
Q17,LA09013UB-3,31.3728,40.02
Q17,LA09050C-P4,33.6948,38.18
Q17,LA09122UB-43,47.3946,40.87
Q17,LA09224C-28,47.9493,39.04
Q17,LA09264C-P2,46.2723,48.99
Q17,LA754,17.3763,49.78
Q17,LA821,39.4095,40.07
Q17,LA841,70.4082,37.75
Q17,LA97113UC-124,56.9277,43.49
Q17,Madison_CS,43.7181,38.33
Q17,MAGNOLIA,41.9121,41.12
Q17,Massey_CG,33.7335,36.91
Q17,McNair_701,36.12,37.56
Q17,MD00W16-07-3,32.9595,40.78
Q17,MD99W64-05-11,35.4363,41.77
Q17,NC06BGTAG12,37.8357,38.77
Q17,NC07-24445,NA,34.86
Q17,NC08-23089,48.762,35.11
Q17,NC08-23090,31.8888,33.5
Q17,NC08-23323,21.6462,40.95
Q17,NC08-23324,41.2026,38.78
Q17,NC08-23383,34.5333,33.68
Q17,NC10080-122,47.2914,41.22
Q17,NC10080-134CL,50.1552,34.83
Q17,NC10080-139CL,37.4487,33.53
Q17,NC11-21899,58.7724,32.94
Q17,NC11-22289,29.9151,35.6
Q17,NC11-23321,43.0731,37.08
Q17,NC11-5-16-21,45.3693,40.07
Q17,NC12-20850,48.0267,32.48
Q17,NC12-21224,43.0989,33.62
Q17,NC12-22844,50.6067,36.03
Q17,NC12-23576,38.8419,34.26
Q17,NC13-20076,25.0905,34.37
Q17,NC13-20218,NA,30.28
Q17,NC13-20631,52.6836,30.74
Q17,NC13-20722,38.7129,31.6
Q17,NC13-20773,29.6958,34.19
Q17,NC13-21321,38.571,30.49
Q17,NC13-21338,35.8491,43.85
Q17,NC13-22726,31.0761,38.09
Q17,NC97BGTAB9,27.6705,31.3
Q17,Oglethorpe,52.7868,34.53
Q17,Pioneer_2580_CG,28.3542,34.51
Q17,Pioneer_2684_CG,NA,38.44
Q17,Pioneer_26R24_CG,58.0629,31.62
Q17,Pioneer_26R31_CG,33.669,37.05
Q17,Pioneer_26R46_CG,NA,41.9
Q17,Pioneer_26R61_JJ,32.2113,48.37
Q17,Rosen,40.4673,40.6
Q17,SCAR99175B1,52.6965,43.87
Q17,SCLA1102G1,53.9091,42.15
Q17,SCLA1110R1,38.5323,41.05
Q17,SCLA99049D-E1-J1,65.5836,34.75
Q17,SCTX98-20-J10,49.2909,40.3
Q17,SCW010025G1,NA,NA
Q17,SCW010025K1,40.0932,45.3
Q17,SCW990013A1,37.3326,45.86
Q17,Severn,77.8644,41.26
Q17,SH555,45.7434,36.04
Q17,SS8641,37.9002,35.61
Q17,SS8641_JJ,36.2361,34.7
Q17,Tribute_CG,31.5405,36.21
Q17,TX12D4625,38.7516,42.96
Q17,TX12D4700,39.5514,52.45
Q17,TX12D4768,48.1299,43.16
Q17,TX12D4845,68.7441,38.13
Q17,TX13D5129,NA,37.11
Q17,TX13D5137,25.2195,42.99
Q17,TX13D5237,24.2778,27.53
Q17,TX13D5252,37.4229,37.38
Q17,TX14D8086,35.862,50.16
Q17,TX14D8234,NA,36.92
Q17,TX14D8301,NA,NA
Q17,TX14D8504,38.1066,39.09
Q17,USG_3120,44.0148,42.42
Q17,USG_3209_PM,35.9394,39.37
Q17,USG_3555_JJ,39.861,37.22
Q17,USG3120,47.2527,38.08
Q17,VA_90,49.2006,31.66
Q17,VA00W-38,94.1055,40.57
Q17,VA01W713,44.2212,36.16
Q17,VA05W-151,51.3549,33.82
Q17,VA07MAS4-7417-1-3-3,59.0304,35.91
Q17,VA12W-72,61.146,30.59
Q17,VA12W-97,40.3254,36.29
Q17,VA13W-124,40.0287,36.18
Q17,VA13W-177,50.9679,35.98
Q17,Wakeland_CG,51.3936,30.27
Q18,AGS_2000_JJ,57.51,36.77
Q18,AGS_2020,77.45,37.98
Q18,AGS_2026,NA,NA
Q18,AGS_2060,57.51,36.99
Q18,AGS_2485,49.56,35.55
Q18,AGS_CL7,57.05,42.17
Q18,AGS2000,21.42,38.17
Q18,AGS2038,17.7,40.11
Q18,AGS2060,NA,NA
Q18,AR00343-5-1,39.4,37.75
Q18,AR01040-4-1,NA,NA
Q18,AR01156-2-1,30.35,27.93
Q18,AR01163-3-1,75.12,32.61
Q18,AR04016-4,47.6,43.83
Q18,AR04119-3,NA,NA
Q18,AR06017-6-2,57.51,37.92
Q18,AR06024-7-2,57.51,29.45
Q18,AR06050-7-2,33.87,44
Q18,AR07047-13-2,57.51,35.48
Q18,AR07076-20-1,57.51,34.49
Q18,AR07090-1-4,NA,NA
Q18,AR07114-3-4,58.46,39.58
Q18,AR07117-12-1,18.61,35.2
Q18,AR07119-1-4,82.09,31.01
Q18,AR07124-1-4,47.9,36.07
Q18,AR910,24.75,36
Q18,AR99015-3-3,51.98,37.86
Q18,ARGA061147-23-6-2,NA,NA
Q18,ARLA05104F-18-1,43.55,37.51
Q18,ARLA07058C-4-4,50.96,35.3
Q18,ARLA07080C-3-4,74.94,34.14
Q18,ARLA07084C-10-1,38.43,32.54
Q18,ARS05-0241,59.22,35.75
Q18,ARS05-0401,NA,NA
Q18,ARS07-0404,57.41,32.97
Q18,ARS07-0912,61.05,33.2
Q18,ARS09-776,NA,NA
Q18,Baldwin,44.22,43.34
Q18,Coker_65-20,NA,NA
Q18,Coker_762,58.29,26.94
Q18,Coker_797_JJ,49.53,31.32
Q18,Coker_9553,44.12,38.27
Q18,Coker_9663_Syn,57.51,36.29
Q18,Coker_9766,52.16,32.71
Q18,Coker_9803_CG,41.66,33.42
Q18,Coker_9835_PM,53.19,34.16
Q18,Delta_King_GR9108,69.29,31.93
Q18,FG95195,44.59,42.68
Q18,FL_302_JJ,54.23,39.66
Q18,FL01108C-K2,NA,NA
Q18,FL02006C-K1,37.75,46.27
Q18,FL02036C-K6,NA,NA
Q18,FL14P359-LA09161C-7,61.96,33.93
Q18,FL14P364-LA09198C-32,40.99,36.25
Q18,FL14P368-LA09128UC-41,45.63,37.13
Q18,FL14P375-LW08089D-P2,46.79,43.61
Q18,GA-00034-7A17,NA,NA
Q18,GA00067-8E35,32.67,31.64
Q18,GA001138-8E36,57.51,38.68
Q18,GA001138-8E37,38.38,39.74
Q18,GA001142-9E23,57.51,32.85
Q18,GA001142-9E24,42.24,45.08
Q18,GA001169-7E15,NA,NA
Q18,GA01063-1-3-6-2-G2,48.52,33.52
Q18,GA011493-8E18,49.56,NA
Q18,GA021245-9E16,40.31,40.5
Q18,GA021338-9E4,50.44,37.79
Q18,GA021338-9EE11,33.28,35.27
Q18,GA02328-8A21,44.02,36.22
Q18,GA03060-9E29,23.73,36.2
Q18,GA03564-9EE42,41.1,33.39
Q18,GA04434-12LE28,NA,NA
Q18,GA051207-14E53(13ESc11),45.65,37.33
Q18,GA051336-B-B-1,57.44,30.98
Q18,GA05450-15LE41,NA,NA
Q18,GA061082-13E24,52.37,36.6
Q18,GA061157-15LE39,45.05,35.35
Q18,GA061471-15LE38,40.92,39.06
Q18,GA06283-15LE25,52.31,40.7
Q18,GA06493-13LE6,NA,NA
Q18,GA07026-14LE4,NA,NA
Q18,GA071227-15LE7,NA,NA
Q18,GA071598-15LE12,73.73,40.53
Q18,GA071630-12LE9,NA,NA
Q18,GA07169-15E3,60.38,NA
Q18,GA07270-12E15,35.01,42.13
Q18,GA07323-15E2,61.99,40.79
Q18,GA08028-15LE11,49.87,37.83
Q18,GA081018-15LE13,46.03,46.52
Q18,GA081018-15LE14,44.66,41.24
Q18,GA081174-15E34,40.82,36.91
Q18,GA081183-15LE31,52.33,37.42
Q18,GA081222-15E39,NA,NA
Q18,GA081293-15LE2,48.39,39.37
Q18,GA081515-G1-G2,49.56,34.48
Q18,GA08250-15LE46,34.87,35.29
Q18,GA08510-15E9,69.85,37.96
Q18,GA09283-G1-G1,49.94,39.18
Q18,GA10041-15E59,79.4,30.92
Q18,GA222-22-5,43.61,39.15
Q18,GA991227-6A33,39.91,38.35
Q18,GA991371-6E12,57.51,38.62
Q18,Gore_JJ,73.27,32.67
Q18,Hilliard,49.56,31.61
Q18,Hunter,61.29,34.01
Q18,IL00-8641,53.42,33.69
Q18,IL05-4236,NA,NA
Q18,IL96-6472,NA,NA
Q18,INW0304,NA,NA
Q18,Jamestown,49.9,34.8
Q18,Jamestown_PM,75.99,33.48
Q18,Jaypee_CS,NA,NA
Q18,Keiser,55.04,34.38
Q18,KY02C-1121-11,36.44,45.58
Q18,LA0110D-150,49.56,43.07
Q18,LA01110D-100-6-4,49.56,32.4
Q18,LA01110D-81-1-B,15.51,37.38
Q18,LA01139D-86-6-2,38.72,36.37
Q18,LA02015E201,49.56,37.1
Q18,LA02015E42,46.15,42.01
Q18,LA02015E58,68.63,37.55
Q18,LA02024E12,34.09,39.95
Q18,LA02024E7,57.51,30.4
Q18,LA03012E-27,38.81,38.5
Q18,LA03118E117,38.44,36.63
Q18,LA03136E71,41.41,39.69
Q18,LA03148E12,65.17,35.24
Q18,LA03155D-P13,30.53,36.49
Q18,LA03161D-P1,49.56,40.12
Q18,LA03200E-2,NA,NA
Q18,LA03200E-23,50.06,37.3
Q18,LA03217D-P2,59.08,41.47
Q18,LA03217E2,56.65,39.27
Q18,LA03224E-39,NA,NA
Q18,LA04013D-142,NA,NA
Q18,LA04041D-10,49.56,39.5
Q18,LA06146E-P4,68.79,36.18
Q18,LA06146E-P7,22.05,37.04
Q18,LA07040D-P01,33.33,34.14
Q18,LA07128C-91,26.73,32.55
Q18,LA08041D-42,56.06,38.03
Q18,LA08062C-P5,39.44,41.44
Q18,LA08090C-9-2,49.56,36.93
Q18,LA08095C-23,50.03,33.49
Q18,LA08095D-4,51.74,38.3
Q18,LA08265C-50,57.44,34.69
Q18,LA09011UB-2,57.51,44.85
Q18,LA09013UB-3,65.16,36.4
Q18,LA09050C-P4,65.18,42.48
Q18,LA09122UB-43,82.35,29
Q18,LA09224C-28,78.23,37.04
Q18,LA09264C-P2,45.07,34.07
Q18,LA754,43.87,39.56
Q18,LA821,57.12,30.22
Q18,LA841,76.47,39.39
Q18,LA97113UC-124,61.26,35.05
Q18,Madison_CS,56.46,37.13
Q18,MAGNOLIA,NA,NA
Q18,Massey_CG,NA,NA
Q18,McNair_701,NA,NA
Q18,MD00W16-07-3,61.43,30.04
Q18,MD99W64-05-11,38.48,38.69
Q18,NC06BGTAG12,70.71,35.01
Q18,NC07-24445,NA,NA
Q18,NC08-23089,59.67,34.15
Q18,NC08-23090,NA,NA
Q18,NC08-23323,57.51,NA
Q18,NC08-23324,45.26,35.94
Q18,NC08-23383,52.12,36.94
Q18,NC10080-122,56.14,41.92
Q18,NC10080-134CL,73.14,36.03
Q18,NC10080-139CL,NA,NA
Q18,NC11-21899,56.14,35.79
Q18,NC11-22289,38.24,33.88
Q18,NC11-23321,64.24,35.72
Q18,NC11-5-16-21,52.54,31.95
Q18,NC12-20850,NA,NA
Q18,NC12-21224,56.19,30.19
Q18,NC12-22844,49.05,30.73
Q18,NC12-23576,NA,NA
Q18,NC13-20076,37.6,30.41
Q18,NC13-20218,45.66,42.18
Q18,NC13-20631,NA,NA
Q18,NC13-20722,NA,NA
Q18,NC13-20773,49.04,35.55
Q18,NC13-21321,64.24,39.99
Q18,NC13-21338,61.85,42.24
Q18,NC13-22726,NA,NA
Q18,NC97BGTAB9,NA,NA
Q18,Oglethorpe,42.67,36.44
Q18,Pioneer_2580_CG,NA,NA
Q18,Pioneer_2684_CG,45.72,40.6
Q18,Pioneer_26R24_CG,NA,NA
Q18,Pioneer_26R31_CG,NA,NA
Q18,Pioneer_26R46_CG,NA,NA
Q18,Pioneer_26R61_JJ,39.3,36.24
Q18,Rosen,51.65,35.62
Q18,SCAR99175B1,41.49,42.01
Q18,SCLA1102G1,28.24,43.5
Q18,SCLA1110R1,NA,NA
Q18,SCLA99049D-E1-J1,NA,NA
Q18,SCTX98-20-J10,28.54,31.45
Q18,SCW010025G1,26.41,36.01
Q18,SCW010025K1,20.41,32.48
Q18,SCW990013A1,57.51,37.69
Q18,Severn,NA,NA
Q18,SH555,25.64,38.82
Q18,SS8641,25.26,36.43
Q18,SS8641_JJ,NA,NA
Q18,Tribute_CG,63.07,36.61
Q18,TX12D4625,48.85,35.22
Q18,TX12D4700,NA,NA
Q18,TX12D4768,57.51,41.54
Q18,TX12D4845,NA,NA
Q18,TX13D5129,21.36,38.14
Q18,TX13D5137,56.26,36.05
Q18,TX13D5237,NA,NA
Q18,TX13D5252,NA,NA
Q18,TX14D8086,NA,NA
Q18,TX14D8234,22.59,36.35
Q18,TX14D8301,40.28,36.04
Q18,TX14D8504,35.47,39.07
Q18,USG_3120,61.2,32.81
Q18,USG_3209_PM,NA,NA
Q18,USG_3555_JJ,NA,NA
Q18,USG3120,33.47,32.88
Q18,VA_90,NA,NA
Q18,VA00W-38,53.55,44.57
Q18,VA01W713,48.9,29.75
Q18,VA05W-151,49.56,33.57
Q18,VA07MAS4-7417-1-3-3,42.91,NA
Q18,VA12W-72,45.22,NA
Q18,VA12W-97,74.71,32
Q18,VA13W-124,NA,NA
Q18,VA13W-177,NA,NA
Q18,Wakeland_CG,NA,NA
